54458,443,1429042303.614857,1429042303.739459,10,10,20,0,0,0,9,10,19,4,2,6,0,0,0,0,0,0,0,0,0,2277,4220,6497,5,7,12,2277,4220,6497,0,0,0,0,0,0,0,0,0,0,0,0,0,0,0,4,5,9,7,7,1,1,0,0,0,0,0,0,0,0,0,1460,1350,1338,1338,65,45,455,602,37760,49024,29312,43648,0,0,34958,44842,2067,1339,1,1,459,615,64,321,211,1338,1,1,0,0,0,0,0,0,0,0,0.043134,0.044665,    42.1,    41.0,0,0,18274.185547,33867.835938,4,4,38.799000,0.011000,39.137001,0.042000,38.953526,0.021499,0.149554,0.014617,39.137001,0.042000,1,1,39.137001,0.042000,39.137001,0.042000,39.133087,0.041996,0.000000,0.000000,0,0,0,0,0.000000,0.000000,0.000000,0.000000,0.000000,0.000000,0.000000,2,0,0,0,0,0,0,0,0.000000,0.000000,0.000000,0.000000,0.000000,0.000000,0.000000,0.000000,1,0,1,0,1,1,1,1
443,54458,1429042303.739545,1429042304.47099,12,8,20,0,0,0,12,8,20,2,5,7,0,0,0,0,0,0,0,0,0,9870,1688,11558,10,3,13,9870,1688,11558,0,0,0,0,0,0,0,0,0,0,0,0,0,0,0,9,2,11,0,0,0,0,0,0,0,0,0,0,0,0,0,0,0,1338,1338,41,41,986,562,409,353,383,346,0,0,402,351,3961,1648,1,1,1387,379,13,240,479,0,2,0,0,0,0,0,0,0,0,0,0.307527,0.237635,   198.7,   237.6,0,0,32091.925781,5488.467285,5,2,0.027000,39.019001,29.642000,77.940002,5.962881,58.476578,13.236988,0.000000,0.000000,0.000000,3,1,0.027000,39.019001,0.087000,39.019001,0.048665,39.015099,0.033292,0.000000,0,0,0,0,0.000000,0.000000,0.000000,0.000000,0.000000,0.000000,0.000000,5,1,0,0,0,0,0,0,0.000000,0.000000,0.000000,0.000000,0.000000,0.000000,0.000000,0.000000,0,0,0,0,1,1,1,1
443,54458,1429042304.47168,1429042304.55418,14,6,20,0,0,0,14,6,20,0,6,6,0,0,0,0,0,0,0,0,0,18588,0,18588,14,0,14,18588,0,18588,0,0,0,0,0,0,0,0,0,0,0,0,0,0,0,4,0,4,0,0,0,0,0,0,0,0,0,0,0,0,0,0,0,1338,0,1266,0,1327,0,409,353,409,353,0,0,409,353,2677,1,1320,1,1902,1,1939,0,2640,0,2,0,0,0,0,0,0,0,0,0,0.008250,0.000000,     3.4,     3.5,0,0,2253091.000000,0.000000,6,0,0.022000,0.000000,0.032000,0.000000,0.027500,0.000000,0.003728,0.000000,0.000000,0.000000,3,0,0.027000,0.000000,0.031000,0.000000,0.028666,0.000000,0.002082,0.000000,0,0,0,0,0.000000,0.000000,0.000000,0.000000,0.000000,0.000000,0.000000,6,0,0,0,0,0,0,0,0.000000,0.000000,0.000000,0.000000,0.000000,0.000000,0.000000,0.000000,0,0,0,0,1,1,1,1
54458,443,1429042304.55450,1429042304.439752,8,12,20,0,0,0,8,12,20,5,3,8,0,0,0,0,0,0,0,0,0,1721,7552,9273,3,9,12,1721,7552,9273,0,0,0,0,0,0,0,0,0,0,0,0,0,0,0,2,4,6,0,0,0,0,0,0,0,0,0,0,0,0,0,0,0,1338,1338,41,41,573,839,353,451,353,409,0,0,353,424,1681,2677,1,1,383,985,218,421,0,0,0,0,0,0,0,0,0,0,0,0,0.339391,0.384072,   339.4,   300.1,0,0,4478.249023,19651.210938,3,4,38.925999,0.022000,78.181000,0.158000,52.017601,0.058249,22.656672,0.066565,0.000000,0.000000,1,2,38.925999,0.024000,38.925999,0.029000,38.922108,0.026499,0.000000,0.000000,0,0,0,0,0.000000,0.000000,0.000000,0.000000,0.000000,0.000000,0.000000,0,5,0,0,0,0,0,0,0.000000,0.000000,0.000000,0.000000,0.000000,0.000000,0.000000,0.000000,0,0,0,0,1,1,1,1
54458,443,1429042304.439791,1429042304.611433,11,9,20,0,0,0,11,9,20,2,3,5,0,0,0,0,0,0,0,0,0,5756,454,6210,9,6,15,5756,454,6210,0,0,0,0,0,0,0,0,0,0,0,0,0,0,0,6,6,12,0,0,0,0,0,0,0,0,0,0,0,0,0,0,0,1338,168,41,41,639,75,374,550,353,477,0,0,360,501,2020,272,1,1,782,117,611,128,1721,0,3,0,0,0,0,0,0,0,0,0,0.132605,0.053583,    45.3,    52.8,0,0,33534.914062,2645.040283,4,2,38.910000,0.132000,45.070000,0.213000,40.496239,0.172491,3.048941,0.000000,0.000000,0.000000,1,2,38.972000,0.132000,38.972000,0.213000,38.968102,0.172491,0.000000,0.000000,0,0,0,0,0.000000,0.000000,0.000000,0.000000,0.000000,0.000000,0.000000,5,4,0,0,0,0,0,0,0.000000,0.000000,0.000000,0.000000,0.000000,0.000000,0.000000,0.000000,0,0,0,0,1,1,1,1
443,54458,1429042304.617460,1429042304.745321,7,13,20,0,0,0,7,13,20,2,2,4,0,0,0,0,0,0,0,0,0,298,6804,7102,5,11,16,298,6804,7102,0,0,0,0,0,0,0,0,0,0,0,0,0,0,0,5,8,13,0,0,0,0,0,0,0,0,0,0,0,0,0,0,0,94,1338,41,41,59,618,614,374,550,374,0,0,578,374,198,4591,1,1,74,1982,125,1001,101,0,2,0,0,0,0,0,0,0,0,0,0.054756,0.095833,    73.1,    45.7,0,0,2330.656006,53214.039062,2,3,0.056000,39.193001,0.091000,45.551998,0.073496,41.536617,0.000000,3.492620,0.000000,0.000000,1,1,0.056000,39.193001,0.056000,39.193001,0.055994,39.189079,0.000000,0.000000,0,0,0,0,0.000000,0.000000,0.000000,0.000000,0.000000,0.000000,0.000000,3,4,0,0,0,0,0,0,0.000000,0.000000,0.000000,0.000000,0.000000,0.000000,0.000000,0.000000,0,0,0,0,1,1,1,1
443,54458,1429042304.748883,1429042304.820365,12,8,20,0,0,0,12,8,20,4,2,6,0,0,0,0,0,0,0,0,0,874,3670,4544,8,6,14,874,3670,4544,0,0,0,0,0,0,0,0,0,0,0,0,0,0,0,8,4,12,0,0,0,0,0,0,0,0,0,0,0,0,0,0,0,343,1338,41,41,109,611,724,395,614,395,0,0,679,395,465,3671,1,1,150,1959,125,517,246,0,2,0,0,0,0,0,0,0,0,0,0.071482,0.011241,    50.4,    45.4,0,0,12226.854492,51341.597656,2,2,0.093000,38.894001,0.220000,38.948002,0.156492,38.919056,0.000000,0.000000,0.000000,0.000000,1,1,0.093000,38.948002,0.093000,38.948002,0.092991,38.944107,0.000000,0.000000,0,0,0,0,0.000000,0.000000,0.000000,0.000000,0.000000,0.000000,0.000000,3,4,0,0,0,0,0,0,0.000000,0.000000,0.000000,0.000000,0.000000,0.000000,0.000000,0.000000,0,0,0,0,1,1,1,1
443,54458,1429042304.820399,1429042306.304888,10,10,20,0,0,0,10,10,20,3,6,9,0,0,0,0,0,0,0,0,0,1576,2105,3681,7,4,11,1576,2105,3681,0,0,0,0,0,0,0,0,0,0,0,0,0,0,0,7,3,10,0,0,0,0,0,0,0,0,0,0,0,0,0,0,0,432,1338,41,41,225,526,756,499,724,416,0,0,733,476,670,2065,1,1,190,362,410,64,41,0,1,0,0,0,0,0,0,0,0,0,1.484457,1.440040,  1354.3,  1315.6,0,0,1061.644775,1417.996338,6,3,0.032000,38.688999,39.360001,78.472000,6.614223,52.003933,16.042116,22.920670,0.000000,0.000000,1,1,0.036000,38.855999,0.036000,38.855999,0.035996,38.852116,0.000000,0.000000,0,0,0,0,0.000000,0.000000,0.000000,0.000000,0.000000,0.000000,0.000000,1,1,0,0,0,0,0,0,0.000000,0.000000,0.000000,0.000000,0.000000,0.000000,0.000000,0.000000,0,0,0,0,1,1,1,1
54458,443,1429042315.217411,1429042315.429574,8,12,20,0,0,0,8,12,20,2,4,6,0,0,0,0,0,0,0,0,0,4244,5993,10237,6,8,14,4244,5993,10237,0,0,0,0,0,0,0,0,0,0,0,0,0,0,0,4,8,12,0,0,0,0,0,0,0,0,0,0,0,0,0,0,0,1338,1320,41,41,707,749,552,846,541,800,0,0,548,831,1609,2641,1,1,698,672,565,202,2550,0,2,0,0,0,0,0,0,0,0,0,0.212077,0.169483,   128.9,    89.7,0,0,20003.488281,28247.150391,4,3,39.125000,0.051000,78.492996,0.424000,48.995525,0.181661,19.664246,0.210082,0.000000,0.000000,1,2,39.125999,0.051000,39.125999,0.070000,39.122089,0.060497,0.000000,0.000000,0,0,0,0,0.000000,0.000000,0.000000,0.000000,0.000000,0.000000,0.000000,1,3,0,0,0,0,0,0,0.000000,0.000000,0.000000,0.000000,0.000000,0.000000,0.000000,0.000000,0,0,0,0,1,1,1,1
54458,443,1429042315.429590,1429042315.431128,7,13,20,0,0,0,7,13,20,7,0,7,0,0,0,0,0,0,0,0,0,0,17214,17214,0,13,13,0,17214,17214,0,0,0,0,0,0,0,0,0,0,0,0,0,0,0,0,9,9,0,0,0,0,0,0,0,0,0,0,0,0,0,0,0,0,1338,0,1302,0,1324,548,846,539,846,0,0,546,846,46,2677,46,1321,39,1937,0,650,0,0,0,0,0,0,0,0,0,0,0,0,0.000000,0.001502,     0.7,     0.6,0,0,0.000000,11192458.000000,0,6,0.000000,0.009000,0.000000,0.015000,0.000000,0.012000,0.000000,0.002530,0.000000,0.000000,0,1,0.000000,0.012000,0.000000,0.012000,0.000000,0.011999,0.000000,0.000000,0,0,0,0,0.000000,0.000000,0.000000,0.000000,0.000000,0.000000,0.000000,0,6,0,0,0,0,0,0,0.000000,0.000000,0.000000,0.000000,0.000000,0.000000,0.000000,0.000000,0,0,0,0,1,1,1,1
443,54458,1429042315.431157,1429042315.901840,12,8,20,0,0,0,12,8,20,2,5,7,0,0,0,0,0,0,0,0,0,12677,1682,14359,10,3,13,12677,1682,14359,0,0,0,0,0,0,0,0,0,0,0,0,0,0,0,2,2,4,0,0,0,0,0,0,0,0,0,0,0,0,0,0,0,1338,1338,707,41,1267,560,871,552,846,548,0,0,848,549,2677,1642,1,46,1503,412,70,78,1266,0,1,0,0,0,0,0,0,0,0,0,0.004222,0.427503,   427.8,   427.5,0,0,26933.201172,3573.530273,6,2,0.009000,38.587002,0.065000,38.893002,0.019666,38.738064,0.022250,0.000000,0.000000,0.000000,4,1,0.010000,38.893002,0.013000,38.893002,0.011000,38.889111,0.001414,0.000000,0,0,0,0,0.000000,0.000000,0.000000,0.000000,0.000000,0.000000,0.000000,4,1,0,0,0,0,0,0,0.000000,0.000000,0.000000,0.000000,0.000000,0.000000,0.000000,0.000000,0,0,0,0,1,1,1,1
443,54458,1429042315.904747,1429042316.12957,11,9,20,0,0,0,11,9,20,2,3,5,0,0,0,0,0,0,0,0,0,668,3659,4327,9,6,15,668,3659,4327,0,0,0,0,0,0,0,0,0,0,0,0,0,0,0,9,4,13,0,0,0,0,0,0,0,0,0,0,0,0,0,0,0,168,1338,41,41,74,609,927,552,871,552,0,0,900,552,272,1978,1,1,115,723,92,1450,212,0,3,0,0,0,0,0,0,0,0,0,0.108009,0.063429,    51.3,    44.5,0,0,6173.181641,33813.878906,4,2,0.039000,38.956001,0.201000,39.164001,0.147496,39.058048,0.073912,0.000000,0.000000,0.000000,1,1,0.039000,38.956001,0.039000,38.956001,0.038996,38.952106,0.000000,0.000000,0,0,0,0,0.000000,0.000000,0.000000,0.000000,0.000000,0.000000,0.000000,5,4,0,0,0,0,0,0,0.000000,0.000000,0.000000,0.000000,0.000000,0.000000,0.000000,0.000000,0,0,0,0,1,1,1,1
54458,443,1429042316.13014,1429042316.152301,13,7,20,0,0,0,13,7,20,2,2,4,0,0,0,0,0,0,0,0,0,7514,294,7808,11,5,16,7514,294,7808,0,0,0,0,0,0,0,0,0,0,0,0,0,0,0,7,5,12,0,0,0,0,0,0,0,0,0,0,0,0,0,0,0,1338,94,41,41,683,58,552,990,552,958,0,0,552,976,3360,194,1,1,1117,81,1041,35,1980,0,3,0,0,0,0,0,0,0,0,0,0.139287,0.057903,    45.5,    51.7,0,0,53946.167969,2110.749756,3,2,38.944000,0.091000,44.977001,0.223000,40.969299,0.156992,3.469666,0.000000,0.000000,0.000000,1,1,38.944000,0.091000,38.944000,0.091000,38.940105,0.090991,0.000000,0.000000,0,0,0,0,0.000000,0.000000,0.000000,0.000000,0.000000,0.000000,0.000000,4,3,0,0,0,0,0,0,0.000000,0.000000,0.000000,0.000000,0.000000,0.000000,0.000000,0.000000,0,0,0,0,1,1,1,1
54458,443,1429042316.152323,1429042316.252748,11,9,20,0,0,0,11,9,20,2,4,6,0,0,0,0,0,0,0,0,0,4782,410,5192,9,5,14,4782,410,5192,0,0,0,0,0,0,0,0,0,0,0,0,0,0,0,7,5,12,0,0,0,0,0,0,0,0,0,0,0,0,0,0,0,1338,193,34,41,531,81,552,1096,552,1021,0,0,552,1057,3631,247,1,1,1518,72,338,99,1152,0,3,0,0,0,0,0,0,0,0,0,0.061584,0.010002,    38.8,    55.8,0,0,47617.625000,4082.648682,3,2,38.841999,0.064000,38.997002,0.219000,38.931702,0.141493,0.080951,0.000000,0.000000,0.000000,1,1,38.959999,0.064000,38.959999,0.064000,38.956104,0.063994,0.000000,0.000000,0,0,0,0,0.000000,0.000000,0.000000,0.000000,0.000000,0.000000,0.000000,2,3,0,0,0,0,0,0,0.000000,0.000000,0.000000,0.000000,0.000000,0.000000,0.000000,0.000000,0,0,0,0,1,1,1,1
36636,443,1429042299.291790,1429042299.434854,11,9,20,0,0,0,10,9,19,6,1,7,1,0,1,1,0,1,1,0,1,1728,3502,5230,4,7,11,1728,3547,5275,0,1,1,0,45,45,0,0,0,0,0,0,0,0,0,3,5,8,7,7,1,1,1,0,1,0,0,0,0,0,0,1460,1350,1338,1338,65,45,431,506,40448,43648,29312,43648,0,0,36313,43648,1404,1339,1,1,180,579,90,118,199,1338,1,1,0,0,0,0,0,0,0,0,0.117208,0.087621,    64.8,    51.8,0,0,12078.510742,24478.554688,3,5,25.573000,0.017000,27.995001,36.751999,26.461451,7.378052,1.333015,16.420464,25.573000,0.062000,1,1,25.573000,0.062000,25.573000,0.062000,25.570442,0.061994,0.000000,0.000000,0,0,0,0,0.000000,0.000000,0.000000,0.000000,0.000000,0.000000,0.000000,0,2,0,1,0,0,0,0,0.000000,0.000000,0.000000,0.000000,0.000000,0.000000,0.000000,0.000000,1,0,1,0,1,1,1,1
36636,443,1429042299.434868,1429042300.180315,8,12,20,0,0,0,8,12,20,4,5,9,0,0,0,0,0,0,0,0,0,2040,5703,7743,4,7,11,2040,5703,7743,0,0,0,0,0,0,0,0,0,0,0,0,0,0,0,3,7,10,0,0,0,0,0,0,0,0,0,0,0,0,0,0,0,1338,1320,41,41,509,814,353,425,316,362,0,0,346,400,1749,2641,1,1,433,640,1568,1,292,0,1,0,0,0,0,0,0,0,0,0,0.091151,0.656518,   654.1,   628.0,0,0,2736.613037,7650.443359,4,4,25.280001,0.016000,65.769997,0.040000,35.568611,0.027249,20.134285,0.011587,0.000000,0.000000,1,1,25.601999,0.034000,25.601999,0.034000,25.599440,0.033997,0.000000,0.000000,0,0,0,0,0.000000,0.000000,0.000000,0.000000,0.000000,0.000000,0.000000,0,1,0,0,0,0,0,0,0.000000,0.000000,0.000000,0.000000,0.000000,0.000000,0.000000,0.000000,0,0,0,0,1,1,1,1
443,36636,1429042300.180383,1429042300.182423,14,6,20,0,0,0,14,6,20,0,6,6,0,0,0,0,0,0,0,0,0,16587,0,16587,14,0,14,16587,0,16587,0,0,0,0,0,0,0,0,0,0,0,0,0,0,0,14,0,14,0,0,0,0,0,0,0,0,0,0,0,0,0,0,0,1320,0,264,0,1184,0,425,353,425,314,0,0,425,346,2641,1,483,1,1656,1,490,0,4443,0,4,0,0,0,0,0,0,0,0,0,0.002017,0.000000,     0.7,     0.8,0,0,8130882.500000,0.000000,6,0,0.023000,0.000000,0.046000,0.000000,0.031333,0.000000,0.009070,0.000000,0.000000,0.000000,4,0,0.023000,0.000000,0.031000,0.000000,0.025999,0.000000,0.003559,0.000000,0,0,0,0,0.000000,0.000000,0.000000,0.000000,0.000000,0.000000,0.000000,8,0,0,0,0,0,0,0,0.000000,0.000000,0.000000,0.000000,0.000000,0.000000,0.000000,0.000000,0,0,0,0,1,1,1,1
443,36636,1429042300.182476,1429042300.183444,14,6,20,0,0,0,14,6,20,0,6,6,0,0,0,0,0,0,0,0,0,17031,0,17031,14,0,14,17031,0,17031,0,0,0,0,0,0,0,0,0,0,0,0,0,0,0,13,0,13,0,0,0,0,0,0,0,0,0,0,0,0,0,0,0,1338,0,483,0,1216,0,425,353,425,353,0,0,425,353,2659,1,483,1,1738,1,0,0,1803,0,2,0,0,0,0,0,0,0,0,0,0.000968,0.000000,     0.1,     0.2,0,0,17594008.000000,0.000000,6,0,0.019000,0.000000,0.026000,0.000000,0.023500,0.000000,0.002881,0.000000,0.000000,0.000000,1,0,0.025000,0.000000,0.025000,0.000000,0.024998,0.000000,0.000000,0.000000,0,0,0,0,0.000000,0.000000,0.000000,0.000000,0.000000,0.000000,0.000000,6,0,0,0,0,0,0,0,0.000000,0.000000,0.000000,0.000000,0.000000,0.000000,0.000000,0.000000,0,0,0,0,1,1,1,1
36636,443,1429042300.183463,1429042300.704535,8,12,20,0,0,0,8,12,20,8,0,8,0,0,0,0,0,0,0,0,0,0,15431,15431,0,12,12,0,15431,15431,0,0,0,0,0,0,0,0,0,0,0,0,0,0,0,0,3,3,0,0,0,0,0,0,0,0,0,0,0,0,0,0,0,0,1338,0,749,0,1285,376,425,346,425,0,0,354,425,1,2677,1,750,0,1732,0,717,0,0,0,0,0,0,0,0,0,0,0,0,0.000000,0.498400,   459.3,   497.6,0,0,0.000000,29613.949219,0,7,0.000000,0.009000,0.000000,38.297001,0.000000,5.488064,0.000000,14.467350,0.000000,0.000000,0,4,0.000000,0.009000,0.000000,0.024000,0.000000,0.015000,0.000000,0.006683,0,0,0,0,0.000000,0.000000,0.000000,0.000000,0.000000,0.000000,0.000000,0,4,0,0,0,0,0,0,0.000000,0.000000,0.000000,0.000000,0.000000,0.000000,0.000000,0.000000,0,0,0,0,1,1,1,1
36636,443,1429042300.704545,1429042300.704888,10,10,20,0,0,0,10,10,20,10,0,10,0,0,0,0,0,0,0,0,0,0,12122,12122,0,10,10,0,12122,12122,0,0,0,0,0,0,0,0,0,0,0,0,0,0,0,0,10,10,0,0,0,0,0,0,0,0,0,0,0,0,0,0,0,0,1320,0,242,0,1212,600,425,398,425,0,0,498,425,1,1321,1,243,0,1213,0,0,0,0,0,0,0,0,0,0,0,0,0,0,0.000000,0.000324,     0.0,     0.0,0,0,0.000000,35341108.000000,0,9,0.000000,0.006000,0.000000,0.013000,0.000000,0.009222,0.000000,0.001986,0.000000,0.000000,0,8,0.000000,0.006000,0.000000,0.013000,0.000000,0.009000,0.000000,0.002000,0,0,0,0,0.000000,0.000000,0.000000,0.000000,0.000000,0.000000,0.000000,0,0,0,0,0,0,0,0,0.000000,0.000000,0.000000,0.000000,0.000000,0.000000,0.000000,0.000000,0,0,0,0,1,1,1,1
36636,443,1429042300.704895,1429042301.619662,11,9,20,0,0,0,11,9,20,7,2,9,0,0,0,0,0,0,0,0,0,2167,7614,9781,4,7,11,2167,7614,9781,0,0,0,0,0,0,0,0,0,0,0,0,0,0,0,3,7,10,0,0,0,0,0,0,0,0,0,0,0,0,0,0,0,1338,1320,41,41,541,1087,691,425,623,425,0,0,667,425,2066,1321,1,1,325,847,102,1,0,0,0,0,0,0,0,0,0,0,0,0,0.914392,0.000197,   914.2,   888.4,0,0,2368.909180,8323.430664,2,7,25.771000,0.007000,25.924999,0.154000,25.846708,0.028714,0.000000,0.055253,0.000000,0.000000,1,5,25.924999,0.007000,25.924999,0.009000,25.922407,0.008000,0.000000,0.001000,0,0,0,0,0.000000,0.000000,0.000000,0.000000,0.000000,0.000000,0.000000,0,0,0,0,0,0,0,0,0.000000,0.000000,0.000000,0.000000,0.000000,0.000000,0.000000,0.000000,0,0,0,0,1,1,1,1
36636,443,1429042301.625602,1429042301.689083,5,15,20,0,0,0,5,15,20,2,4,6,0,0,0,0,0,0,0,0,0,2417,11128,13545,3,11,14,2417,11128,13545,0,0,0,0,0,0,0,0,0,0,0,0,0,0,0,2,11,13,0,0,0,0,0,0,0,0,0,0,0,0,0,0,0,1338,1320,37,216,805,1011,757,499,691,457,0,0,712,494,1338,6953,1,1,483,2127,31,0,2417,0,3,0,0,0,0,0,0,0,0,0,0.000071,0.000678,    63.0,    37.1,0,0,38074.382812,175296.546875,3,2,25.635000,0.011000,25.673000,0.017000,25.653479,0.013999,0.019009,0.000000,0.000000,0.000000,1,2,25.655001,0.011000,25.655001,0.017000,25.652435,0.013999,0.000000,0.000000,0,0,0,0,0.000000,0.000000,0.000000,0.000000,0.000000,0.000000,0.000000,0,2,0,0,0,0,0,0,0.000000,0.000000,0.000000,0.000000,0.000000,0.000000,0.000000,0.000000,0,0,0,0,1,1,1,1
36636,443,1429042301.725122,1429042301.974539,11,9,20,0,0,0,11,9,20,6,3,9,0,0,0,0,0,0,0,0,0,3149,5969,9118,5,6,11,3149,5969,9118,0,0,0,0,0,0,0,0,0,0,0,0,0,0,0,3,6,9,0,0,0,0,0,0,0,0,0,0,0,0,0,0,0,1338,1320,37,106,629,994,777,547,703,520,0,0,765,544,1338,1321,1,1,286,664,16,0,3149,0,5,0,0,0,0,0,0,0,0,0,0.000764,0.000360,   133.5,    49.6,0,0,12625.442383,23931.808594,3,5,25.347000,0.011000,65.237999,0.027000,38.671711,0.015800,23.006006,0.006458,0.000000,0.000000,1,3,25.434000,0.011000,25.434000,0.015000,25.431458,0.013333,0.000000,0.002082,0,0,0,0,0.000000,0.000000,0.000000,0.000000,0.000000,0.000000,0.000000,2,0,0,0,0,0,0,0,0.000000,0.000000,0.000000,0.000000,0.000000,0.000000,0.000000,0.000000,0,0,0,0,1,1,1,1
36636,443,1429042301.974551,1429042301.975285,10,10,20,0,0,0,10,10,20,10,0,10,0,0,0,0,0,0,0,0,0,0,11303,11303,0,10,10,0,11303,11303,0,0,0,0,0,0,0,0,0,0,0,0,0,0,0,0,9,9,0,0,0,0,0,0,0,0,0,0,0,0,0,0,0,0,1338,0,260,0,1130,777,547,730,547,0,0,751,547,1,1339,1,261,0,1131,0,0,0,0,0,0,0,0,0,0,0,0,0,0,0.000000,0.000694,     0.2,     0.2,0,0,0.000000,15399183.000000,0,9,0.000000,0.010000,0.000000,0.012000,0.000000,0.010889,0.000000,0.000782,0.000000,0.000000,0,1,0.000000,0.012000,0.000000,0.012000,0.000000,0.011999,0.000000,0.000000,0,0,0,0,0.000000,0.000000,0.000000,0.000000,0.000000,0.000000,0.000000,0,0,0,0,0,0,0,0,0.000000,0.000000,0.000000,0.000000,0.000000,0.000000,0.000000,0.000000,0,0,0,0,1,1,1,1
36636,443,1429042301.975301,1429042301.976099,2,18,20,0,0,0,2,18,20,2,0,2,0,0,0,0,0,0,0,0,0,0,19743,19743,0,18,18,0,19743,19743,0,0,0,0,0,0,0,0,0,0,0,0,0,0,0,0,18,18,0,0,0,0,0,0,0,0,0,0,0,0,0,0,0,0,1320,0,260,0,1096,736,547,652,547,0,0,694,547,1,11304,1,1321,0,5803,0,0,0,0,0,0,0,0,0,0,0,0,0,0,0.000000,0.000757,     0.6,     0.1,0,0,0.000000,24740602.000000,0,1,0.000000,0.052000,0.000000,0.052000,0.000000,0.051995,0.000000,0.000000,0.000000,0.000000,0,1,0.000000,0.052000,0.000000,0.052000,0.000000,0.051995,0.000000,0.000000,0,0,0,0,0.000000,0.000000,0.000000,0.000000,0.000000,0.000000,0.000000,0,9,0,0,0,0,0,0,0.000000,0.000000,0.000000,0.000000,0.000000,0.000000,0.000000,0.000000,0,0,0,0,1,1,1,1
443,36636,1429042301.976197,1429042302.188370,12,8,20,0,0,0,12,8,20,4,2,6,0,0,0,0,0,0,0,0,0,4080,3101,7181,8,6,14,4080,3101,7181,0,0,0,0,0,0,0,0,0,0,0,0,0,0,0,8,4,12,0,0,0,0,0,0,0,0,0,0,0,0,0,0,0,1320,1338,41,37,509,516,593,777,547,561,0,0,571,750,1320,3020,1,1,374,1263,47,815,3633,0,4,0,0,0,0,0,0,0,0,0,0.212173,0.185630,   129.9,   129.7,0,0,19229.591797,14615.431641,3,4,0.025000,25.239000,1.984000,25.836000,0.702310,25.592360,1.110556,0.275225,0.000000,0.000000,1,1,0.025000,25.513000,0.025000,25.513000,0.024998,25.510448,0.000000,0.000000,0,0,0,0,0.000000,0.000000,0.000000,0.000000,0.000000,0.000000,0.000000,4,1,0,0,0,0,0,0,0.000000,0.000000,0.000000,0.000000,0.000000,0.000000,0.000000,0.000000,0,0,0,0,1,1,1,1
443,36636,1429042302.188731,1429042302.189316,13,7,20,0,0,0,13,7,20,0,6,6,0,0,0,0,0,0,0,0,0,15263,45,15308,13,1,14,15263,45,15308,0,0,0,0,0,0,0,0,0,0,0,0,0,0,0,13,1,14,0,0,0,0,0,0,0,0,0,0,0,0,0,0,0,1320,45,260,45,1173,44,593,777,593,777,0,0,593,777,2641,87,261,42,1601,48,0,0,1320,0,1,0,0,0,0,0,0,0,0,0,0.000585,0.000000,     0.1,     0.1,0,0,26090598.000000,76923.078125,7,0,0.010000,0.000000,0.037000,0.000000,0.019857,0.000000,0.011768,0.000000,0.000000,0.000000,6,0,0.010000,0.000000,0.037000,0.000000,0.021500,0.000000,0.011979,0.000000,0,0,0,0,0.000000,0.000000,0.000000,0.000000,0.000000,0.000000,0.000000,5,0,0,0,0,0,0,0,0.000000,0.000000,0.000000,0.000000,0.000000,0.000000,0.000000,0.000000,0,0,0,0,1,1,1,1
443,36636,1429042302.189373,1429042302.190097,13,7,20,0,0,0,13,7,20,0,7,7,0,0,0,0,0,0,0,0,0,14203,0,14203,13,0,13,14203,0,14203,0,0,0,0,0,0,0,0,0,0,0,0,0,0,0,12,0,12,0,0,0,0,0,0,0,0,0,0,0,0,0,0,0,1338,0,260,0,1092,0,593,777,593,777,0,0,593,777,2659,87,261,87,1619,87,0,0,1320,0,1,0,0,0,0,0,0,0,0,0,0.000714,0.000000,     0.2,     0.3,0,0,19617404.000000,0.000000,7,0,0.009000,0.000000,0.012000,0.000000,0.010428,0.000000,0.000976,0.000000,0.000000,0.000000,1,0,0.011000,0.000000,0.011000,0.000000,0.010999,0.000000,0.000000,0.000000,0,0,0,0,0.000000,0.000000,0.000000,0.000000,0.000000,0.000000,0.000000,6,0,0,0,0,0,0,0,0.000000,0.000000,0.000000,0.000000,0.000000,0.000000,0.000000,0.000000,0,0,0,0,1,1,1,1
443,36636,1429042302.190109,1429042302.190812,14,6,20,0,0,0,14,6,20,0,6,6,0,0,0,0,0,0,0,0,0,14021,0,14021,14,0,14,14021,0,14021,0,0,0,0,0,0,0,0,0,0,0,0,0,0,0,13,0,13,0,0,0,0,0,0,0,0,0,0,0,0,0,0,0,1338,0,41,0,1001,0,593,777,593,777,0,0,593,777,2659,87,41,46,1339,80,0,0,1361,0,2,0,0,0,0,0,0,0,0,0,0.000703,0.000000,     0.1,     0.2,0,0,19944524.000000,0.000000,6,0,0.008000,0.000000,0.014000,0.000000,0.010500,0.000000,0.001975,0.000000,0.000000,0.000000,1,0,0.010000,0.000000,0.010000,0.000000,0.009999,0.000000,0.000000,0.000000,0,0,0,0,0.000000,0.000000,0.000000,0.000000,0.000000,0.000000,0.000000,6,0,0,0,0,0,0,0,0.000000,0.000000,0.000000,0.000000,0.000000,0.000000,0.000000,0.000000,0,0,0,0,1,1,1,1
36636,443,1429042302.190820,1429042302.292812,12,8,20,0,0,0,12,8,20,3,4,7,0,0,0,0,0,0,0,0,0,6317,2890,9207,9,4,13,6317,2890,9207,0,0,0,0,0,0,0,0,0,0,0,0,0,0,0,5,4,9,0,0,0,0,0,0,0,0,0,0,0,0,0,0,0,1338,1320,37,41,701,722,777,703,777,593,0,0,777,619,6277,2641,46,1,2803,553,519,58,0,0,0,0,0,0,0,0,0,0,0,0,0.076315,0.000086,    61.1,    61.6,0,0,61936.230469,28335.556641,4,2,25.139000,0.010000,25.635000,0.016000,25.482613,0.012999,0.233701,0.000000,0.000000,0.000000,1,1,25.635000,0.010000,25.635000,0.010000,25.632437,0.009999,0.000000,0.000000,0,0,0,0,0.000000,0.000000,0.000000,0.000000,0.000000,0.000000,0.000000,4,2,0,0,0,0,0,0,0.000000,0.000000,0.000000,0.000000,0.000000,0.000000,0.000000,0.000000,0,0,0,0,1,1,1,1
443,36636,1429042302.332113,1429042302.994600,12,8,20,0,0,0,12,8,20,3,4,7,0,0,0,0,0,0,0,0,0,3746,2144,5890,9,4,13,3746,2144,5890,0,0,0,0,0,0,0,0,0,0,0,0,0,0,0,9,3,12,0,0,0,0,0,0,0,0,0,0,0,0,0,0,0,1320,1338,41,41,416,535,735,777,703,777,0,0,719,777,1446,2063,1,1,429,441,33,215,1389,0,2,0,0,0,0,0,0,0,0,0,0.637085,0.611797,   553.6,   553.8,0,0,5654.450684,3236.290039,4,2,0.018000,25.541000,0.286000,25.736000,0.114497,25.637218,0.124819,0.000000,0.000000,0.000000,2,1,0.018000,25.541000,0.026000,25.541000,0.021999,25.538446,0.000000,0.000000,0,0,0,0,0.000000,0.000000,0.000000,0.000000,0.000000,0.000000,0.000000,5,1,0,0,0,0,0,0,0.000000,0.000000,0.000000,0.000000,0.000000,0.000000,0.000000,0.000000,0,0,0,0,1,1,1,1
443,36636,1429042302.994632,1429042302.995644,20,0,20,0,0,0,20,0,20,0,0,0,0,0,0,0,0,0,0,0,0,21100,0,21100,20,0,20,21100,0,21100,0,0,0,0,0,0,0,0,0,0,0,0,0,0,0,19,0,19,0,0,0,0,0,0,0,0,0,0,0,0,0,0,0,1338,0,242,0,1054,0,735,0,735,0,0,0,735,0,1338,0,242,0,1055,0,0,0,21100,0,20,0,0,0,0,0,0,0,0,0,0.001012,0.000000,     0.2,0,0,0,20849802.000000,0.000000,0,0,0.000000,0.000000,0.000000,0.000000,0.000000,0.000000,0.000000,0.000000,0.000000,0.000000,0,0,0.000000,0.000000,0.000000,0.000000,0.000000,0.000000,0.000000,0.000000,0,0,0,0,0.000000,0.000000,0.000000,0.000000,0.000000,0.000000,0.000000,0,0,0,0,0,0,0,0,0.000000,0.000000,0.000000,0.000000,0.000000,0.000000,0.000000,0.000000,0,0,0,0,1,1,1,1
443,36636,1429042302.995695,1429042302.996475,20,0,20,0,0,0,20,0,20,0,0,0,0,0,0,0,0,0,0,0,0,21100,0,21100,20,0,20,21100,0,21100,0,0,0,0,0,0,0,0,0,0,0,0,0,0,0,18,0,18,0,0,0,0,0,0,0,0,0,0,0,0,0,0,0,1338,0,242,0,1054,0,735,0,735,0,0,0,735,0,1338,0,242,0,1055,0,0,0,21100,0,20,0,0,0,0,0,0,0,0,0,0.000780,0.000000,     0.1,0,0,0,27051282.000000,0.000000,0,0,0.000000,0.000000,0.000000,0.000000,0.000000,0.000000,0.000000,0.000000,0.000000,0.000000,0,0,0.000000,0.000000,0.000000,0.000000,0.000000,0.000000,0.000000,0.000000,0,0,0,0,0.000000,0.000000,0.000000,0.000000,0.000000,0.000000,0.000000,0,0,0,0,0,0,0,0,0.000000,0.000000,0.000000,0.000000,0.000000,0.000000,0.000000,0.000000,0,0,0,0,1,1,1,1
443,36636,1429042302.996530,1429042302.997039,13,7,20,0,0,0,13,7,20,0,6,6,0,0,0,0,0,0,0,0,0,13998,45,14043,13,1,14,13998,45,14043,0,0,0,0,0,0,0,0,0,0,0,0,0,0,0,11,1,12,0,0,0,0,0,0,0,0,0,0,0,0,0,0,0,1338,45,260,45,1076,44,735,777,735,486,0,0,735,612,2641,46,261,1,1502,20,0,0,2640,0,2,0,0,0,0,0,0,0,0,0,0.000509,0.000000,     0.1,     0.1,0,0,27500982.000000,88408.640625,7,0,0.008000,0.000000,0.046000,0.000000,0.020000,0.000000,0.014776,0.000000,0.000000,0.000000,1,0,0.036000,0.000000,0.036000,0.000000,0.035996,0.000000,0.000000,0.000000,0,0,0,0,0.000000,0.000000,0.000000,0.000000,0.000000,0.000000,0.000000,5,0,0,0,0,0,0,0,0.000000,0.000000,0.000000,0.000000,0.000000,0.000000,0.000000,0.000000,0,0,0,0,1,1,1,1
443,36636,1429042302.997145,1429042303.9910,17,3,20,0,0,0,17,3,20,0,3,3,0,0,0,0,0,0,0,0,0,17288,0,17288,17,0,17,17288,0,17288,0,0,0,0,0,0,0,0,0,0,0,0,0,0,0,17,0,17,0,0,0,0,0,0,0,0,0,0,0,0,0,0,0,1320,0,260,0,1016,0,735,846,735,777,0,0,735,815,3853,46,260,46,1537,46,313,0,8813,0,9,0,0,0,0,0,0,0,0,0,0.012765,0.000000,    11.7,    11.5,0,0,1354328.250000,0.000000,3,0,0.015000,0.000000,0.217000,0.000000,0.082997,0.000000,0.116052,0.000000,0.000000,0.000000,2,0,0.015000,0.000000,0.017000,0.000000,0.015999,0.000000,0.000000,0.000000,0,0,0,0,0.000000,0.000000,0.000000,0.000000,0.000000,0.000000,0.000000,10,0,0,0,0,0,0,0,0.000000,0.000000,0.000000,0.000000,0.000000,0.000000,0.000000,0.000000,0,0,0,0,1,1,1,1
443,36636,1429042303.9923,1429042303.593486,12,8,20,0,0,0,12,8,20,5,3,8,0,0,0,0,0,0,0,0,0,6067,2542,8609,7,5,12,6067,2542,8609,0,0,0,0,0,0,0,0,0,0,0,0,0,0,0,7,4,11,0,0,0,0,0,0,0,0,0,0,0,0,0,0,0,1320,1338,41,37,866,508,773,868,735,816,0,0,760,853,2641,2457,1,1,731,810,3,2207,41,0,1,0,0,0,0,0,0,0,0,0,0.583563,0.034537,   493.9,   519.2,0,0,10396.478516,4355.999023,3,4,0.022000,25.191999,29.500999,27.124001,9.856005,25.694607,17.012785,0.952711,0.000000,0.000000,1,1,0.022000,27.124001,0.022000,27.124001,0.021998,27.121288,0.000000,0.000000,0,0,0,0,0.000000,0.000000,0.000000,0.000000,0.000000,0.000000,0.000000,2,1,0,0,0,0,0,0,0.000000,0.000000,0.000000,0.000000,0.000000,0.000000,0.000000,0.000000,0,0,0,0,1,1,1,1
36636,443,1429042303.593499,1429042303.594113,7,13,20,0,0,0,7,13,20,7,0,7,0,0,0,0,0,0,0,0,0,0,13998,13998,0,13,13,0,13998,13998,0,0,0,0,0,0,0,0,0,0,0,0,0,0,0,0,11,11,0,0,0,0,0,0,0,0,0,0,0,0,0,0,0,0,1338,0,242,0,1076,868,773,868,773,0,0,868,773,1,2641,1,1321,0,1688,0,0,0,0,0,0,0,0,0,0,0,0,0,0,0.000000,0.000570,     0.1,     0.1,0,0,0.000000,22798046.000000,0,6,0.000000,0.008000,0.000000,0.031000,0.000000,0.013000,0.000000,0.008854,0.000000,0.000000,0,3,0.000000,0.008000,0.000000,0.010000,0.000000,0.009333,0.000000,0.001155,0,0,0,0,0.000000,0.000000,0.000000,0.000000,0.000000,0.000000,0.000000,0,6,0,0,0,0,0,0,0.000000,0.000000,0.000000,0.000000,0.000000,0.000000,0.000000,0.000000,0,0,0,0,1,1,1,1
443,36636,1429042303.594130,1429042303.634553,11,9,20,0,0,0,11,9,20,3,4,7,0,0,0,0,0,0,0,0,0,6946,4525,11471,8,5,13,6946,4525,11471,0,0,0,0,0,0,0,0,0,0,0,0,0,0,0,8,3,11,0,0,0,0,0,0,0,0,0,0,0,0,0,0,0,1320,1338,41,41,868,904,815,868,773,868,0,0,778,868,2641,2420,1,1,992,810,24,1830,242,0,1,0,0,0,0,0,0,0,0,0,0.000253,0.040130,    25.5,    35.3,0,0,171832.875000,111941.218750,5,3,0.008000,25.429001,0.040000,25.544001,0.014800,25.499149,0.014096,0.062073,0.000000,0.000000,1,1,0.009000,25.527000,0.009000,25.527000,0.008999,25.524448,0.000000,0.000000,0,0,0,0,0.000000,0.000000,0.000000,0.000000,0.000000,0.000000,0.000000,3,0,0,0,0,0,0,0,0.000000,0.000000,0.000000,0.000000,0.000000,0.000000,0.000000,0.000000,0,0,0,0,1,1,1,1
36636,443,1429042303.634583,1429042303.994882,9,11,20,0,0,0,9,11,20,2,6,8,0,0,0,0,0,0,0,0,0,3717,789,4506,7,5,12,3717,789,4506,0,0,0,0,0,0,0,0,0,0,0,0,0,0,0,5,5,10,0,0,0,0,0,0,0,0,0,0,0,0,0,0,0,1338,386,37,41,530,157,868,891,868,815,0,0,868,867,2457,429,1,1,1096,146,1248,33,37,0,1,0,0,0,0,0,0,0,0,0,0.360299,0.185958,   155.8,   130.5,0,0,10316.431641,2189.847900,5,2,25.256001,0.181000,66.189003,0.193000,33.556931,0.186991,18.241793,0.000000,0.000000,0.000000,1,1,25.497000,0.181000,25.497000,0.181000,25.494450,0.180982,0.000000,0.000000,0,0,0,0,0.000000,0.000000,0.000000,0.000000,0.000000,0.000000,0.000000,1,3,0,0,0,0,0,0,0.000000,0.000000,0.000000,0.000000,0.000000,0.000000,0.000000,0.000000,0,0,0,0,1,1,1,1
36636,443,1429042303.994903,1429042304.101752,9,11,20,0,0,0,9,11,20,3,4,7,0,0,0,0,0,0,0,0,0,3569,1856,5425,6,7,13,3569,1856,5425,0,0,0,0,0,0,0,0,0,0,0,0,0,0,0,5,7,12,0,0,0,0,0,0,0,0,0,0,0,0,0,0,0,1338,1320,41,41,594,265,868,987,868,924,0,0,868,975,1338,1321,1,1,401,189,252,131,3483,0,4,0,0,0,0,0,0,0,0,0,0.106849,0.052829,    49.9,    49.7,0,0,33402.277344,17370.308594,4,4,25.580000,0.045000,25.658001,0.088000,25.629610,0.070248,0.034452,0.018246,0.000000,0.000000,1,1,25.639000,0.077000,25.639000,0.077000,25.636436,0.076992,0.000000,0.000000,0,0,0,0,0.000000,0.000000,0.000000,0.000000,0.000000,0.000000,0.000000,0,3,0,0,0,0,0,0,0.000000,0.000000,0.000000,0.000000,0.000000,0.000000,0.000000,0.000000,0,0,0,0,1,1,1,1
443,36636,1429042304.101793,1429042304.102572,14,6,20,0,0,0,14,6,20,0,6,6,0,0,0,0,0,0,0,0,0,15293,0,15293,14,0,14,15293,0,15293,0,0,0,0,0,0,0,0,0,0,0,0,0,0,0,11,0,11,0,0,0,0,0,0,0,0,0,0,0,0,0,0,0,1338,0,235,0,1092,0,987,868,987,868,0,0,987,868,2659,87,236,87,1430,87,0,0,2658,0,2,0,0,0,0,0,0,0,0,0,0.000779,0.000000,     0.2,     0.2,0,0,19631578.000000,0.000000,6,0,0.010000,0.000000,0.024000,0.000000,0.014166,0.000000,0.006524,0.000000,0.000000,0.000000,2,0,0.010000,0.000000,0.021000,0.000000,0.015499,0.000000,0.000000,0.000000,0,0,0,0,0.000000,0.000000,0.000000,0.000000,0.000000,0.000000,0.000000,6,0,0,0,0,0,0,0,0.000000,0.000000,0.000000,0.000000,0.000000,0.000000,0.000000,0.000000,0,0,0,0,1,1,1,1
36636,443,1429042304.102583,1429042304.103063,7,13,20,0,0,0,7,13,20,7,0,7,0,0,0,0,0,0,0,0,0,0,12920,12920,0,13,13,0,12920,12920,0,0,0,0,0,0,0,0,0,0,0,0,0,0,0,0,12,12,0,0,0,0,0,0,0,0,0,0,0,0,0,0,0,0,1338,0,260,0,993,868,987,868,987,0,0,868,987,87,2641,87,261,74,1360,0,0,0,0,0,0,0,0,0,0,0,0,0,0,0.000000,0.000463,     0.1,     0.1,0,0,0.000000,26916666.000000,0,6,0.000000,0.009000,0.000000,0.010000,0.000000,0.009333,0.000000,0.000516,0.000000,0.000000,0,5,0.000000,0.009000,0.000000,0.010000,0.000000,0.009400,0.000000,0.000548,0,0,0,0,0.000000,0.000000,0.000000,0.000000,0.000000,0.000000,0.000000,0,6,0,0,0,0,0,0,0.000000,0.000000,0.000000,0.000000,0.000000,0.000000,0.000000,0.000000,0,0,0,0,1,1,1,1
443,36636,1429042304.103154,1429042304.103750,13,7,20,0,0,0,13,7,20,0,7,7,0,0,0,0,0,0,0,0,0,13980,0,13980,13,0,13,13980,0,13980,0,0,0,0,0,0,0,0,0,0,0,0,0,0,0,13,0,13,0,0,0,0,0,0,0,0,0,0,0,0,0,0,0,1320,0,260,0,1075,0,987,868,987,868,0,0,987,868,2641,87,261,87,1440,87,0,0,1320,0,1,0,0,0,0,0,0,0,0,0,0.000585,0.000000,     0.1,     0.2,0,0,23456376.000000,0.000000,7,0,0.007000,0.000000,0.011000,0.000000,0.009714,0.000000,0.001254,0.000000,0.000000,0.000000,7,0,0.007000,0.000000,0.011000,0.000000,0.009714,0.000000,0.001254,0.000000,0,0,0,0,0.000000,0.000000,0.000000,0.000000,0.000000,0.000000,0.000000,6,0,0,0,0,0,0,0,0.000000,0.000000,0.000000,0.000000,0.000000,0.000000,0.000000,0.000000,0,0,0,0,1,1,1,1
443,36636,1429042304.103786,1429042304.104918,14,6,20,0,0,0,14,6,20,0,6,6,0,0,0,0,0,0,0,0,0,15523,0,15523,14,0,14,15523,0,15523,0,0,0,0,0,0,0,0,0,0,0,0,0,0,0,13,0,13,0,0,0,0,0,0,0,0,0,0,0,0,0,0,0,1338,0,260,0,1108,0,987,868,987,864,0,0,987,866,2659,87,261,87,1598,87,0,0,2640,0,2,0,0,0,0,0,0,0,0,0,0.001132,0.000000,     0.2,     0.3,0,0,13712898.000000,0.000000,6,0,0.010000,0.000000,0.092000,0.000000,0.030000,0.000000,0.030906,0.000000,0.000000,0.000000,1,0,0.022000,0.000000,0.022000,0.000000,0.021998,0.000000,0.000000,0.000000,0,0,0,0,0.000000,0.000000,0.000000,0.000000,0.000000,0.000000,0.000000,6,0,0,0,0,0,0,0,0.000000,0.000000,0.000000,0.000000,0.000000,0.000000,0.000000,0.000000,0,0,0,0,1,1,1,1
443,36636,1429042304.104985,1429042304.116108,14,6,20,0,0,0,14,6,20,0,4,4,0,0,0,0,0,0,0,0,0,15308,90,15398,14,2,16,15308,90,15398,0,0,0,0,0,0,0,0,0,0,0,0,0,0,0,14,2,16,0,0,0,0,0,0,0,0,0,0,0,0,0,0,0,1320,45,260,45,1093,44,987,907,987,859,0,0,987,894,3961,177,260,87,1659,132,269,0,5904,0,6,0,0,0,0,0,0,0,0,0,0.011114,0.000055,    10.6,    10.6,0,0,1376247.375000,8091.342285,5,0,0.009000,0.000000,0.063000,0.000000,0.028799,0.000000,0.021147,0.000000,0.000000,0.000000,2,0,0.009000,0.000000,0.031000,0.000000,0.019999,0.000000,0.000000,0.000000,0,0,0,0,0.000000,0.000000,0.000000,0.000000,0.000000,0.000000,0.000000,9,0,0,0,0,0,0,0,0.000000,0.000000,0.000000,0.000000,0.000000,0.000000,0.000000,0.000000,0,0,0,0,1,1,1,1
443,36636,1429042304.116164,1429042304.116914,14,6,20,0,0,0,14,6,20,0,6,6,0,0,0,0,0,0,0,0,0,15523,0,15523,14,0,14,15523,0,15523,0,0,0,0,0,0,0,0,0,0,0,0,0,0,0,14,0,14,0,0,0,0,0,0,0,0,0,0,0,0,0,0,0,1320,0,260,0,1108,0,987,907,987,907,0,0,987,907,2641,177,260,177,1539,177,0,0,1580,0,2,0,0,0,0,0,0,0,0,0,0.000750,0.000000,     0.2,     0.2,0,0,20697334.000000,0.000000,6,0,0.007000,0.000000,0.013000,0.000000,0.010333,0.000000,0.002160,0.000000,0.000000,0.000000,5,0,0.007000,0.000000,0.013000,0.000000,0.010600,0.000000,0.002302,0.000000,0,0,0,0,0.000000,0.000000,0.000000,0.000000,0.000000,0.000000,0.000000,6,0,0,0,0,0,0,0,0.000000,0.000000,0.000000,0.000000,0.000000,0.000000,0.000000,0.000000,0,0,0,0,1,1,1,1
36636,443,1429042304.116924,1429042304.117816,7,13,20,0,0,0,7,13,20,7,0,7,0,0,0,0,0,0,0,0,0,0,14737,14737,0,13,13,0,14737,14737,0,0,0,0,0,0,0,0,0,0,0,0,0,0,0,0,10,10,0,0,0,0,0,0,0,0,0,0,0,0,0,0,0,0,1338,0,76,0,1133,907,987,907,987,0,0,907,987,177,2677,177,77,151,1650,0,0,0,0,0,0,0,0,0,0,0,0,0,0,0.000000,0.000845,     0.3,     0.3,0,0,0.000000,16521300.000000,0,6,0.000000,0.010000,0.000000,0.042000,0.000000,0.015666,0.000000,0.012925,0.000000,0.000000,0,1,0.000000,0.010000,0.000000,0.010000,0.000000,0.009999,0.000000,0.000000,0,0,0,0,0.000000,0.000000,0.000000,0.000000,0.000000,0.000000,0.000000,0,6,0,0,0,0,0,0,0.000000,0.000000,0.000000,0.000000,0.000000,0.000000,0.000000,0.000000,0,0,0,0,1,1,1,1
443,36636,1429042304.117866,1429042304.128129,13,7,20,0,0,0,13,7,20,0,7,7,0,0,0,0,0,0,0,0,0,15848,0,15848,13,0,13,15848,0,15848,0,0,0,0,0,0,0,0,0,0,0,0,0,0,0,5,0,5,0,0,0,0,0,0,0,0,0,0,0,0,0,0,0,1338,0,260,0,1218,0,987,907,987,907,0,0,987,907,2677,177,1320,91,1834,127,2435,97,1320,0,1,0,0,0,0,0,0,0,0,0,0.010233,0.000000,     9.6,     9.7,0,0,1544187.875000,0.000000,7,0,0.011000,0.000000,0.044000,0.000000,0.021571,0.000000,0.013352,0.000000,0.000000,0.000000,3,0,0.012000,0.000000,0.031000,0.000000,0.024333,0.000000,0.010693,0.000000,0,0,0,0,0.000000,0.000000,0.000000,0.000000,0.000000,0.000000,0.000000,6,0,0,0,0,0,0,0,0.000000,0.000000,0.000000,0.000000,0.000000,0.000000,0.000000,0.000000,0,0,0,0,1,1,1,1
443,36636,1429042304.128189,1429042304.128760,13,7,20,0,0,0,13,7,20,0,6,6,0,0,0,0,0,0,0,0,0,15535,45,15580,13,1,14,15535,45,15580,0,0,0,0,0,0,0,0,0,0,0,0,0,0,0,0,1,1,0,0,0,0,0,0,0,0,0,0,0,0,0,0,0,1338,45,396,45,1194,44,987,907,987,907,0,0,987,907,2677,136,1338,91,1710,97,0,0,2676,0,2,0,0,0,0,0,0,0,0,0,0.000571,0.000000,     0.1,     0.1,0,0,27206654.000000,78809.109375,6,0,0.008000,0.000000,0.011000,0.000000,0.009833,0.000000,0.001169,0.000000,0.000000,0.000000,4,0,0.008000,0.000000,0.010000,0.000000,0.009250,0.000000,0.000957,0.000000,0,0,0,0,0.000000,0.000000,0.000000,0.000000,0.000000,0.000000,0.000000,6,0,0,0,0,0,0,0,0.000000,0.000000,0.000000,0.000000,0.000000,0.000000,0.000000,0.000000,0,0,0,0,1,1,1,1
443,36636,1429042304.128813,1429042304.129743,13,7,20,0,0,0,13,7,20,0,6,6,0,0,0,0,0,0,0,0,0,16973,45,17018,13,1,14,16973,45,17018,0,0,0,0,0,0,0,0,0,0,0,0,0,0,0,1,1,2,0,0,0,0,0,0,0,0,0,0,0,0,0,0,0,1338,45,917,45,1305,44,987,907,987,907,0,0,987,907,2677,181,1338,136,1924,168,0,0,1338,0,1,0,0,0,0,0,0,0,0,0,0.000930,0.000000,     0.2,     0.3,0,0,18250538.000000,48387.097656,6,0,0.009000,0.000000,0.014000,0.000000,0.011333,0.000000,0.001862,0.000000,0.000000,0.000000,5,0,0.009000,0.000000,0.014000,0.000000,0.011400,0.000000,0.002074,0.000000,0,0,0,0,0.000000,0.000000,0.000000,0.000000,0.000000,0.000000,0.000000,5,0,0,0,0,0,0,0,0.000000,0.000000,0.000000,0.000000,0.000000,0.000000,0.000000,0.000000,0,0,0,0,1,1,1,1
36636,443,1429042304.129750,1429042304.131203,7,13,20,0,0,0,7,13,20,7,0,7,0,0,0,0,0,0,0,0,0,0,16056,16056,0,13,13,0,16056,16056,0,0,0,0,0,0,0,0,0,0,0,0,0,0,0,0,0,0,0,0,0,0,0,0,0,0,0,0,0,0,0,0,0,0,1338,0,718,0,1234,952,987,907,987,0,0,913,987,181,2677,181,719,155,1788,0,0,0,0,0,0,0,0,0,0,0,0,0,0,0.000000,0.001427,     0.9,     0.9,0,0,0.000000,11050241.000000,0,6,0.000000,0.009000,0.000000,0.011000,0.000000,0.009833,0.000000,0.000753,0.000000,0.000000,0,6,0.000000,0.009000,0.000000,0.011000,0.000000,0.009833,0.000000,0.000753,0,0,0,0,0.000000,0.000000,0.000000,0.000000,0.000000,0.000000,0.000000,0,6,0,0,0,0,0,0,0.000000,0.000000,0.000000,0.000000,0.000000,0.000000,0.000000,0.000000,0,0,0,0,1,1,1,1
443,36636,1429042304.141532,1429042304.142225,13,7,20,0,0,0,13,7,20,0,7,7,0,0,0,0,0,0,0,0,0,16056,0,16056,13,0,13,16056,0,16056,0,0,0,0,0,0,0,0,0,0,0,0,0,0,0,0,0,0,0,0,0,0,0,0,0,0,0,0,0,0,0,0,0,1338,0,154,0,1234,0,987,1265,987,995,0,0,987,1130,2677,181,155,91,1762,168,0,0,1338,0,1,0,0,0,0,0,0,0,0,0,0.000657,0.000000,     0.3,     0.3,0,0,23168832.000000,0.000000,7,0,0.006000,0.000000,0.039000,0.000000,0.015857,0.000000,0.014882,0.000000,0.000000,0.000000,6,0,0.006000,0.000000,0.039000,0.000000,0.017500,0.000000,0.015592,0.000000,0,0,0,0,0.000000,0.000000,0.000000,0.000000,0.000000,0.000000,0.000000,6,0,0,0,0,0,0,0,0.000000,0.000000,0.000000,0.000000,0.000000,0.000000,0.000000,0.000000,0,0,0,0,1,1,1,1
443,36636,1429042304.142263,1429042304.211641,12,8,20,0,0,0,12,8,20,2,5,7,0,0,0,0,0,0,0,0,0,13066,2145,15211,10,3,13,13066,2145,15211,0,0,0,0,0,0,0,0,0,0,0,0,0,0,0,1,2,3,0,0,0,0,0,0,0,0,0,0,0,0,0,0,0,1338,1338,1024,41,1306,714,987,1490,987,1310,0,0,987,1434,2677,2105,1,91,1535,503,389,129,2676,0,2,0,0,0,0,0,0,0,0,0,0.000532,0.068767,    53.2,    68.7,0,0,188330.593750,30917.582031,5,1,0.009000,64.716003,0.016000,64.716003,0.011200,64.709526,0.002775,0.000000,0.000000,0.000000,4,1,0.009000,64.716003,0.016000,64.716003,0.011500,64.709526,0.003109,0.000000,0,0,0,0,0.000000,0.000000,0.000000,0.000000,0.000000,0.000000,0.000000,5,0,0,0,0,0,0,0,0.000000,0.000000,0.000000,0.000000,0.000000,0.000000,0.000000,0.000000,0,0,0,0,1,1,1,1
443,36636,1429042304.222016,1429042304.223856,13,7,20,0,0,0,13,7,20,0,6,6,0,0,0,0,0,0,0,0,0,12782,45,12827,13,1,14,12782,45,12827,0,0,0,0,0,0,0,0,0,0,0,0,0,0,0,13,1,14,0,0,0,0,0,0,0,0,0,0,0,0,0,0,0,1320,45,112,45,983,44,987,1681,987,1512,0,0,987,1622,2641,2150,112,2105,1378,2117,0,1086,1432,0,2,0,0,0,0,0,0,0,0,0,0.001827,0.000000,     1.0,     1.1,0,0,6946739.000000,24456.521484,7,0,0.011000,0.000000,0.051000,0.000000,0.019857,0.000000,0.014171,0.000000,0.000000,0.000000,5,0,0.011000,0.000000,0.051000,0.000000,0.022800,0.000000,0.016223,0.000000,0,0,0,0,0.000000,0.000000,0.000000,0.000000,0.000000,0.000000,0.000000,6,0,0,0,0,0,0,0,0.000000,0.000000,0.000000,0.000000,0.000000,0.000000,0.000000,0.000000,0,0,0,0,1,1,1,1
443,36636,1429042304.223885,1429042304.224771,15,5,20,0,0,0,15,5,20,0,5,5,0,0,0,0,0,0,0,0,0,16843,0,16843,15,0,15,16843,0,16843,0,0,0,0,0,0,0,0,0,0,0,0,0,0,0,13,0,13,0,0,0,0,0,0,0,0,0,0,0,0,0,0,0,1338,0,260,0,1122,0,987,1681,987,1630,0,0,987,1668,6601,2150,1320,2150,2358,2150,0,1128,2640,0,2,0,0,0,0,0,0,0,0,0,0.000886,0.000000,     0.1,     0.5,0,0,19010158.000000,0.000000,5,0,0.010000,0.000000,0.067000,0.000000,0.032199,0.000000,0.023658,0.000000,0.000000,0.000000,2,0,0.012000,0.000000,0.067000,0.000000,0.039498,0.000000,0.000000,0.000000,0,0,0,0,0.000000,0.000000,0.000000,0.000000,0.000000,0.000000,0.000000,8,0,0,0,0,0,0,0,0.000000,0.000000,0.000000,0.000000,0.000000,0.000000,0.000000,0.000000,0,0,0,0,1,1,1,1
36636,443,1429042304.224785,1429042304.225486,3,17,20,0,0,0,3,17,20,3,0,3,0,0,0,0,0,0,0,0,0,0,20989,20989,0,17,17,0,20989,20989,0,0,0,0,0,0,0,0,0,0,0,0,0,0,0,0,16,16,0,0,0,0,0,0,0,0,0,0,0,0,0,0,0,0,1338,0,260,0,1234,1681,987,1666,987,0,0,1676,987,2150,15710,2150,1321,1433,7356,0,0,0,0,0,0,0,0,0,0,0,0,0,0,0.000000,0.000659,     0.5,     0.1,0,0,0.000000,29941512.000000,0,2,0.000000,0.009000,0.000000,0.011000,0.000000,0.009999,0.000000,0.000000,0.000000,0.000000,0,2,0.000000,0.009000,0.000000,0.011000,0.000000,0.009999,0.000000,0.000000,0,0,0,0,0.000000,0.000000,0.000000,0.000000,0.000000,0.000000,0.000000,0,2,0,0,0,0,0,0,0.000000,0.000000,0.000000,0.000000,0.000000,0.000000,0.000000,0.000000,0,0,0,0,1,1,1,1
443,36636,1429042304.225500,1429042304.266793,12,8,20,0,0,0,12,8,20,3,4,7,0,0,0,0,0,0,0,0,0,7317,2497,9814,9,4,13,7317,2497,9814,0,0,0,0,0,0,0,0,0,0,0,0,0,0,0,9,3,12,0,0,0,0,0,0,0,0,0,0,0,0,0,0,0,1320,1338,41,37,812,624,1020,1681,987,1577,0,0,1014,1668,2641,2543,1,1425,769,2273,0,2276,129,0,2,0,0,0,0,0,0,0,0,0,0.041293,0.019014,    13.9,    21.2,0,0,177197.109375,60470.296875,4,1,0.009000,26.028000,0.292000,26.028000,0.094248,26.025398,0.132550,0.000000,0.000000,0.000000,3,1,0.009000,26.028000,0.040000,26.028000,0.028332,26.025398,0.016862,0.000000,0,0,0,0,0.000000,0.000000,0.000000,0.000000,0.000000,0.000000,0.000000,4,0,0,0,0,0,0,0,0.000000,0.000000,0.000000,0.000000,0.000000,0.000000,0.000000,0.000000,0,0,0,0,1,1,1,1
443,36636,1429042304.266894,1429042304.267846,17,3,20,0,0,0,17,3,20,0,3,3,0,0,0,0,0,0,0,0,0,18200,0,18200,17,0,17,18200,0,18200,0,0,0,0,0,0,0,0,0,0,0,0,0,0,0,16,0,16,0,0,0,0,0,0,0,0,0,0,0,0,0,0,0,1338,0,260,0,1070,0,1020,1681,1020,1588,0,0,1020,1650,12921,2457,261,2457,5709,2457,2100,1050,1320,0,1,0,0,0,0,0,0,0,0,0,0.000952,0.000000,     0.2,     0.7,0,0,19117648.000000,0.000000,3,0,0.012000,0.000000,0.065000,0.000000,0.032999,0.000000,0.028160,0.000000,0.000000,0.000000,1,0,0.012000,0.000000,0.012000,0.000000,0.011999,0.000000,0.000000,0.000000,0,0,0,0,0.000000,0.000000,0.000000,0.000000,0.000000,0.000000,0.000000,13,0,0,0,0,0,0,0,0.000000,0.000000,0.000000,0.000000,0.000000,0.000000,0.000000,0.000000,0,0,0,0,1,1,1,1
443,36636,1429042304.267863,1429042304.268771,13,7,20,0,0,0,13,7,20,0,6,6,0,0,0,0,0,0,0,0,0,14203,45,14248,13,1,14,14203,45,14248,0,0,0,0,0,0,0,0,0,0,0,0,0,0,0,12,1,13,0,0,0,0,0,0,0,0,0,0,0,0,0,0,0,1338,45,242,45,1092,44,1020,1681,1020,1681,0,0,1020,1681,2641,2502,260,2457,1639,2489,0,1101,260,0,1,0,0,0,0,0,0,0,0,0,0.000908,0.000000,     0.4,     0.5,0,0,15642070.000000,49559.472656,6,0,0.009000,0.000000,0.010000,0.000000,0.009833,0.000000,0.000408,0.000000,0.000000,0.000000,4,0,0.009000,0.000000,0.010000,0.000000,0.009750,0.000000,0.000500,0.000000,0,0,0,0,0.000000,0.000000,0.000000,0.000000,0.000000,0.000000,0.000000,5,0,0,0,0,0,0,0,0.000000,0.000000,0.000000,0.000000,0.000000,0.000000,0.000000,0.000000,0,0,0,0,1,1,1,1
36636,443,1429042304.268780,1429042304.509005,8,12,20,0,0,0,8,12,20,7,2,9,0,0,0,0,0,0,0,0,0,1200,9985,11185,1,10,11,1200,9985,11185,0,0,0,0,0,0,0,0,0,0,0,0,0,0,0,1,9,10,0,0,0,0,0,0,0,0,0,0,0,0,0,0,0,1200,1338,1200,66,1198,998,1681,1082,1681,1020,0,0,1681,1032,2502,2659,1,67,1401,1282,641,62,0,0,0,0,0,0,0,0,0,0,0,0,0.000000,0.240151,   154.0,   215.7,0,0,4995.316895,41565.199219,1,6,45.840000,0.008000,45.840000,39.882000,45.835415,6.657889,0.000000,16.276371,0.000000,0.000000,1,1,45.840000,0.009000,45.840000,0.009000,45.835415,0.008999,0.000000,0.000000,0,0,0,0,0.000000,0.000000,0.000000,0.000000,0.000000,0.000000,0.000000,0,4,0,0,0,0,0,0,0.000000,0.000000,0.000000,0.000000,0.000000,0.000000,0.000000,0.000000,0,0,0,0,1,1,1,1
443,36636,1429042304.509116,1429042304.624891,12,8,20,0,0,0,12,8,20,4,4,8,0,0,0,0,0,0,0,0,0,5080,2433,7513,8,4,12,5080,2433,7513,0,0,0,0,0,0,0,0,0,0,0,0,0,0,0,8,3,11,0,0,0,0,0,0,0,0,0,0,0,0,0,0,0,1320,1338,41,37,634,608,1124,1681,1082,1681,0,0,1111,1681,2641,2434,1,1,646,782,405,587,227,0,1,0,0,0,0,0,0,0,0,0,0.115775,0.053240,    65.7,    53.2,0,0,43878.210938,21014.900391,4,4,0.010000,25.641001,0.074000,65.553001,0.032999,35.633358,0.028414,19.945843,0.000000,0.000000,1,1,0.029000,25.641001,0.029000,25.641001,0.028997,25.638435,0.000000,0.000000,0,0,0,0,0.000000,0.000000,0.000000,0.000000,0.000000,0.000000,0.000000,2,0,0,0,0,0,0,0,0.000000,0.000000,0.000000,0.000000,0.000000,0.000000,0.000000,0.000000,0,0,0,0,1,1,1,1
443,36636,1429042304.624912,1429042304.661871,13,7,20,0,0,0,13,7,20,0,6,6,0,0,0,0,0,0,0,0,0,12508,41,12549,13,1,14,12508,41,12549,0,0,0,0,0,0,0,0,0,0,0,0,0,0,0,13,1,14,0,0,0,0,0,0,0,0,0,0,0,0,0,0,0,1320,41,41,41,962,40,1124,1681,1124,1681,0,0,1124,1681,2641,42,41,1,1312,6,27,27,41,0,1,0,0,0,0,0,0,0,0,0,0.036959,0.000000,    36.2,    36.3,0,0,338429.062500,1109.337402,6,1,0.009000,36.027000,0.143000,36.027000,0.038833,36.023399,0.052826,0.000000,0.000000,0.000000,5,1,0.009000,36.027000,0.045000,36.027000,0.018000,36.023399,0.015264,0.000000,0,0,0,0,0.000000,0.000000,0.000000,0.000000,0.000000,0.000000,0.000000,5,0,0,0,0,0,0,0,0.000000,0.000000,0.000000,0.000000,0.000000,0.000000,0.000000,0.000000,0,0,0,0,1,1,1,1
36636,443,1429042304.661884,1429042305.62808,9,11,20,0,0,0,9,11,20,5,2,7,0,0,0,0,0,0,0,0,0,2398,7639,10037,4,9,13,2398,7639,10037,0,0,0,0,0,0,0,0,0,0,0,0,0,0,0,3,8,11,0,0,0,0,0,0,0,0,0,0,0,0,0,0,0,1338,1338,37,41,599,848,1681,1166,1681,1124,0,0,1681,1152,2399,2641,1,1,687,966,2209,4,0,0,0,0,0,0,0,0,0,0,0,0,0.031338,0.400888,   369.1,   341.1,0,0,5981.183594,19053.486328,2,5,25.603001,0.011000,27.271000,0.053000,26.435678,0.029999,0.000000,0.015875,0.000000,0.000000,1,2,25.603001,0.021000,25.603001,0.036000,25.600439,0.028499,0.000000,0.000000,0,0,0,0,0.000000,0.000000,0.000000,0.000000,0.000000,0.000000,0.000000,2,4,0,0,0,0,0,0,0.000000,0.000000,0.000000,0.000000,0.000000,0.000000,0.000000,0.000000,0,0,0,0,1,1,1,1
443,36636,1429042305.62866,1429042305.63831,14,6,20,0,0,0,14,6,20,0,6,6,0,0,0,0,0,0,0,0,0,15109,0,15109,14,0,14,15109,0,15109,0,0,0,0,0,0,0,0,0,0,0,0,0,0,0,12,0,12,0,0,0,0,0,0,0,0,0,0,0,0,0,0,0,1338,0,260,0,1079,0,1166,1681,1166,1681,0,0,1166,1681,2659,1,1129,1,1643,1,0,0,2449,0,2,0,0,0,0,0,0,0,0,0,0.000965,0.000000,     0.1,     0.2,0,0,15656995.000000,0.000000,6,0,0.021000,0.000000,0.025000,0.000000,0.023000,0.000000,0.001414,0.000000,0.000000,0.000000,2,0,0.023000,0.000000,0.025000,0.000000,0.023999,0.000000,0.000000,0.000000,0,0,0,0,0.000000,0.000000,0.000000,0.000000,0.000000,0.000000,0.000000,6,0,0,0,0,0,0,0,0.000000,0.000000,0.000000,0.000000,0.000000,0.000000,0.000000,0.000000,0,0,0,0,1,1,1,1
36636,443,1429042305.63853,1429042305.91392,7,13,20,0,0,0,7,13,20,5,1,6,0,0,0,0,0,0,0,0,0,86,11272,11358,2,12,14,86,11272,11358,0,0,0,0,0,0,0,0,0,0,0,0,0,0,0,2,11,13,0,0,0,0,0,0,0,0,0,0,0,0,0,0,0,45,1338,41,41,42,939,1681,1166,1647,1166,0,0,1674,1166,87,4413,1,1,19,2281,0,4284,0,0,0,0,0,0,0,0,0,0,0,0,0.000124,0.000671,    26.1,    26.8,0,0,3122.843994,409310.437500,1,4,26.083000,0.021000,26.083000,0.428000,26.080393,0.123497,0.000000,0.203005,0.000000,0.000000,1,2,26.083000,0.021000,26.083000,0.024000,26.080393,0.022499,0.000000,0.000000,0,0,0,0,0.000000,0.000000,0.000000,0.000000,0.000000,0.000000,0.000000,1,8,0,0,0,0,0,0,0.000000,0.000000,0.000000,0.000000,0.000000,0.000000,0.000000,0.000000,0,0,0,0,1,1,1,1
36636,443,1429042305.416578,1429042306.283756,11,9,20,0,0,0,11,9,20,2,5,7,0,0,0,0,0,0,0,0,0,6225,548,6773,9,4,13,6225,548,6773,0,0,0,0,0,0,0,0,0,0,0,0,0,0,0,6,4,10,0,0,0,0,0,0,0,0,0,0,0,0,0,0,0,1338,402,41,41,691,136,1681,1256,1681,1208,0,0,1681,1216,2104,450,1,1,818,113,102,8,2320,0,3,0,0,0,0,0,0,0,0,0,0.841558,0.002524,   752.7,   713.1,0,0,7178.457031,631.934875,6,2,25.489000,0.127000,66.098000,0.127000,37.278046,0.126994,18.060038,0.000000,0.000000,0.000000,1,1,25.636999,0.127000,25.636999,0.127000,25.634436,0.126987,0.000000,0.000000,0,0,0,0,0.000000,0.000000,0.000000,0.000000,0.000000,0.000000,0.000000,2,2,0,0,0,0,0,0,0.000000,0.000000,0.000000,0.000000,0.000000,0.000000,0.000000,0.000000,0,0,0,0,1,1,1,1
443,36636,1429042306.283812,1429042306.594743,11,9,20,0,0,0,11,9,20,2,4,6,0,0,0,0,0,0,0,0,0,1381,1832,3213,9,5,14,1381,1832,3213,0,0,0,0,0,0,0,0,0,0,0,0,0,0,0,9,4,13,0,0,0,0,0,0,0,0,0,0,0,0,0,0,0,358,1338,41,37,153,366,1303,1681,1277,1681,0,0,1288,1681,417,1751,1,1,189,543,344,273,537,0,3,0,0,0,0,0,0,0,0,0,0.309434,0.309263,   255.9,   221.6,0,0,4441.500000,5891.982422,4,3,0.076000,25.632999,8.666000,48.234001,2.268693,34.218861,4.265424,12.238894,0.000000,0.000000,1,1,8.666000,25.632999,8.666000,25.632999,8.665133,25.630438,0.000000,0.000000,0,0,0,0,0.000000,0.000000,0.000000,0.000000,0.000000,0.000000,0.000000,5,1,0,0,0,0,0,0,0.000000,0.000000,0.000000,0.000000,0.000000,0.000000,0.000000,0.000000,0,0,0,0,1,1,1,1
36636,443,1429042306.626908,1429042306.794470,10,10,20,0,0,0,10,10,20,3,3,6,0,0,0,0,0,0,0,0,0,3213,556,3769,7,7,14,3213,556,3769,0,0,0,0,0,0,0,0,0,0,0,0,0,0,0,5,7,12,0,0,0,0,0,0,0,0,0,0,0,0,0,0,0,1338,158,41,37,458,79,1681,1352,1681,1303,0,0,1681,1337,1610,306,1,1,598,106,877,101,45,0,1,0,0,0,0,0,0,0,0,0,0.167562,0.080249,    48.0,    57.2,0,0,19174.992188,3318.174805,3,4,25.393000,0.037000,25.676001,0.144000,25.566814,0.073748,0.152717,0.048023,0.000000,0.000000,1,1,25.634001,0.037000,25.634001,0.037000,25.631437,0.036996,0.000000,0.000000,0,0,0,0,0.000000,0.000000,0.000000,0.000000,0.000000,0.000000,0.000000,3,3,0,0,0,0,0,0,0.000000,0.000000,0.000000,0.000000,0.000000,0.000000,0.000000,0.000000,0,0,0,0,1,1,1,1
36636,443,1429042310.853946,1429042312.42434,9,11,20,0,0,0,9,11,20,3,4,7,0,0,0,0,0,0,0,0,0,4647,529,5176,6,7,13,4647,529,5176,0,0,0,0,0,0,0,0,0,0,0,0,0,0,0,5,7,12,0,0,0,0,0,0,0,0,0,0,0,0,0,0,0,1338,223,41,37,774,75,1681,1393,1681,1372,0,0,1681,1391,2006,302,1,1,665,102,90,10,2560,0,2,0,0,0,0,0,0,0,0,0,1.188488,0.165524,   974.5,   949.2,0,0,3910.010010,445.103363,4,3,25.322001,0.110000,64.803001,0.227000,35.333618,0.153328,19.646149,0.064127,0.000000,0.000000,1,1,25.643999,0.110000,25.643999,0.110000,25.641436,0.109989,0.000000,0.000000,0,0,0,0,0.000000,0.000000,0.000000,0.000000,0.000000,0.000000,0.000000,0,4,0,0,0,0,0,0,0.000000,0.000000,0.000000,0.000000,0.000000,0.000000,0.000000,0.000000,0,0,0,0,1,1,1,1
443,36636,1429042312.67970,1429042312.659398,13,7,20,0,0,0,13,7,20,4,4,8,0,0,0,0,0,0,0,0,0,6971,1730,8701,9,3,12,6971,1730,8701,0,0,0,0,0,0,0,0,0,0,0,0,0,0,0,9,2,11,0,0,0,0,0,0,0,0,0,0,0,0,0,0,0,1320,1338,41,41,774,576,1466,1681,1425,1681,0,0,1448,1681,2641,1731,1,1,710,451,1,1445,754,0,3,0,0,0,0,0,0,0,0,0,0.496974,0.001692,   468.7,   494.5,0,0,11786.726562,2925.123535,4,3,0.016000,25.393999,0.334000,25.657000,0.100997,25.562815,0.155557,0.147181,0.000000,0.000000,3,1,0.016000,25.639999,0.035000,25.639999,0.023333,25.637436,0.010214,0.000000,0,0,0,0,0.000000,0.000000,0.000000,0.000000,0.000000,0.000000,0.000000,5,0,0,0,0,0,0,0,0.000000,0.000000,0.000000,0.000000,0.000000,0.000000,0.000000,0.000000,0,0,0,0,1,1,1,1
443,36636,1429042312.659456,1429042312.695569,14,6,20,0,0,0,14,6,20,0,6,6,0,0,0,0,0,0,0,0,0,16808,0,16808,14,0,14,16808,0,16808,0,0,0,0,0,0,0,0,0,0,0,0,0,0,0,12,0,12,0,0,0,0,0,0,0,0,0,0,0,0,0,0,0,1338,0,467,0,1200,0,1466,1681,1466,1662,0,0,1466,1677,2659,1,468,1,1610,1,443,0,3960,0,3,0,0,0,0,0,0,0,0,0,0.036113,0.000000,    35.5,    35.6,0,0,465427.968750,0.000000,6,0,0.007000,0.000000,0.049000,0.000000,0.024333,0.000000,0.015591,0.000000,0.000000,0.000000,2,0,0.013000,0.000000,0.030000,0.000000,0.021499,0.000000,0.000000,0.000000,0,0,0,0,0.000000,0.000000,0.000000,0.000000,0.000000,0.000000,0.000000,7,0,0,0,0,0,0,0,0.000000,0.000000,0.000000,0.000000,0.000000,0.000000,0.000000,0.000000,0,0,0,0,1,1,1,1
443,36636,1429042312.695595,1429042312.703319,13,7,20,0,0,0,13,7,20,0,7,7,0,0,0,0,0,0,0,0,0,13759,0,13759,13,0,13,13759,0,13759,0,0,0,0,0,0,0,0,0,0,0,0,0,0,0,12,0,12,0,0,0,0,0,0,0,0,0,0,0,0,0,0,0,1338,0,39,0,1058,0,1466,1681,1466,1681,0,0,1466,1681,2641,1,40,1,1568,1,0,0,1338,0,1,0,0,0,0,0,0,0,0,0,0.007713,0.000000,     7.3,     7.3,0,0,1781330.875000,0.000000,7,0,0.006000,0.000000,0.022000,0.000000,0.011428,0.000000,0.004962,0.000000,0.000000,0.000000,1,0,0.010000,0.000000,0.010000,0.000000,0.009999,0.000000,0.000000,0.000000,0,0,0,0,0.000000,0.000000,0.000000,0.000000,0.000000,0.000000,0.000000,6,0,0,0,0,0,0,0,0.000000,0.000000,0.000000,0.000000,0.000000,0.000000,0.000000,0.000000,0,0,0,0,1,1,1,1
443,36636,1429042312.703344,1429042312.982953,14,6,20,0,0,0,14,6,20,0,6,6,0,0,0,0,0,0,0,0,0,14594,0,14594,14,0,14,14594,0,14594,0,0,0,0,0,0,0,0,0,0,0,0,0,0,0,14,0,14,0,0,0,0,0,0,0,0,0,0,0,0,0,0,0,1320,0,260,0,1042,0,1466,1681,1466,1681,0,0,1466,1681,2641,1,483,1,1609,1,1705,0,1803,0,2,0,0,0,0,0,0,0,0,0,0.279609,0.000000,   279.0,   279.1,0,0,52194.312500,0.000000,6,0,0.009000,0.000000,0.014000,0.000000,0.011166,0.000000,0.001941,0.000000,0.000000,0.000000,2,0,0.010000,0.000000,0.011000,0.000000,0.010499,0.000000,0.000000,0.000000,0,0,0,0,0.000000,0.000000,0.000000,0.000000,0.000000,0.000000,0.000000,6,0,0,0,0,0,0,0,0.000000,0.000000,0.000000,0.000000,0.000000,0.000000,0.000000,0.000000,0,0,0,0,1,1,1,1
36636,443,1429042312.982980,1429042313.390064,9,11,20,0,0,0,9,11,20,6,1,7,0,0,0,0,0,0,0,0,0,2365,7441,9806,3,10,13,2365,7441,9806,0,0,0,0,0,0,0,0,0,0,0,0,0,0,0,2,9,11,0,0,0,0,0,0,0,0,0,0,0,0,0,0,0,1338,1338,41,41,788,744,1681,1466,1681,1466,0,0,1681,1466,2325,2641,1,1,412,968,41,17,0,0,0,0,0,0,0,0,0,0,0,0,0.406220,0.000742,   406.2,   380.9,0,0,5809.611816,18278.783203,1,5,25.363001,0.009000,25.363001,0.042000,25.360464,0.019000,0.000000,0.013172,0.000000,0.000000,1,2,25.363001,0.013000,25.363001,0.017000,25.360464,0.014999,0.000000,0.000000,0,0,0,0,0.000000,0.000000,0.000000,0.000000,0.000000,0.000000,0.000000,0,5,0,0,0,0,0,0,0.000000,0.000000,0.000000,0.000000,0.000000,0.000000,0.000000,0.000000,0,0,0,0,1,1,1,1
36636,443,1429042313.390075,1429042313.644160,6,14,20,0,0,0,6,14,20,4,3,7,0,0,0,0,0,0,0,0,0,82,10831,10913,2,11,13,82,10831,10913,0,0,0,0,0,0,0,0,0,0,0,0,0,0,0,2,11,13,0,0,0,0,0,0,0,0,0,0,0,0,0,0,0,45,1320,37,260,40,984,1681,1508,1681,1487,0,0,1681,1506,46,2641,1,1,14,1134,35,0,37,0,1,0,0,0,0,0,0,0,0,0,0.254070,0.003190,   251.3,   225.1,0,0,322.726654,42627.468750,1,5,25.746000,0.011000,25.746000,0.046000,25.743425,0.024600,0.000000,0.014064,0.000000,0.000000,1,4,25.746000,0.011000,25.746000,0.046000,25.743425,0.023249,0.000000,0.015861,0,0,0,0,0.000000,0.000000,0.000000,0.000000,0.000000,0.000000,0.000000,0,4,0,0,0,0,0,0,0.000000,0.000000,0.000000,0.000000,0.000000,0.000000,0.000000,0.000000,0,0,0,0,1,1,1,1
36636,443,1429042313.644169,1429042314.164096,10,10,20,0,0,0,10,10,20,1,8,9,0,0,0,0,0,0,0,0,0,6809,120,6929,9,2,11,6809,120,6929,0,0,0,0,0,0,0,0,0,0,0,0,0,0,0,6,2,8,0,0,0,0,0,0,0,0,0,0,0,0,0,0,0,1338,79,37,41,756,59,1681,1618,1681,1508,0,0,1681,1563,4355,80,87,1,2147,13,544,1,0,0,0,0,0,0,0,0,0,0,0,0,0.484772,0.519915,   424.0,   424.7,0,0,13096.069336,230.801636,7,1,25.223000,0.077000,26.155001,0.077000,25.807203,0.076992,0.329444,0.000000,0.000000,0.000000,1,1,25.940001,0.077000,25.940001,0.077000,25.937407,0.076992,0.000000,0.000000,0,0,0,0,0.000000,0.000000,0.000000,0.000000,0.000000,0.000000,0.000000,2,0,0,0,0,0,0,0,0.000000,0.000000,0.000000,0.000000,0.000000,0.000000,0.000000,0.000000,0,0,0,0,1,1,1,1
443,36636,1429042314.164438,1429042314.172386,14,6,20,0,0,0,14,6,20,0,6,6,0,0,0,0,0,0,0,0,0,15304,0,15304,14,0,14,15304,0,15304,0,0,0,0,0,0,0,0,0,0,0,0,0,0,0,14,0,14,0,0,0,0,0,0,0,0,0,0,0,0,0,0,0,1320,0,39,0,1093,0,1618,1681,1618,1657,0,0,1618,1677,4483,1,263,1,2278,1,2013,0,1320,0,1,0,0,0,0,0,0,0,0,0,0.007935,0.000000,     4.0,     4.0,0,0,1925515.875000,0.000000,6,0,0.009000,0.000000,0.717000,0.000000,0.132331,0.000000,0.286498,0.000000,0.000000,0.000000,5,0,0.009000,0.000000,0.027000,0.000000,0.015400,0.000000,0.007127,0.000000,0,0,0,0,0.000000,0.000000,0.000000,0.000000,0.000000,0.000000,0.000000,8,0,0,0,0,0,0,0,0.000000,0.000000,0.000000,0.000000,0.000000,0.000000,0.000000,0.000000,0,0,0,0,1,1,1,1
443,36636,1429042314.172489,1429042314.173238,14,6,20,0,0,0,14,6,20,0,6,6,0,0,0,0,0,0,0,0,0,13653,0,13653,14,0,14,13653,0,13653,0,0,0,0,0,0,0,0,0,0,0,0,0,0,0,14,0,14,0,0,0,0,0,0,0,0,0,0,0,0,0,0,0,1320,0,41,0,975,0,1618,1681,1618,1681,0,0,1618,1681,2641,1,260,1,1515,1,0,0,1580,0,2,0,0,0,0,0,0,0,0,0,0.000749,0.000000,     0.3,     0.3,0,0,18228304.000000,0.000000,6,0,0.009000,0.000000,0.015000,0.000000,0.012166,0.000000,0.001941,0.000000,0.000000,0.000000,3,0,0.009000,0.000000,0.012000,0.000000,0.011000,0.000000,0.001732,0.000000,0,0,0,0,0.000000,0.000000,0.000000,0.000000,0.000000,0.000000,0.000000,6,0,0,0,0,0,0,0,0.000000,0.000000,0.000000,0.000000,0.000000,0.000000,0.000000,0.000000,0,0,0,0,1,1,1,1
36636,443,1429042314.173264,1429042314.437908,10,10,20,0,0,0,10,10,20,3,4,7,0,0,0,0,0,0,0,0,0,3365,1139,4504,7,6,13,3365,1139,4504,0,0,0,0,0,0,0,0,0,0,0,0,0,0,0,5,6,11,0,0,0,0,0,0,0,0,0,0,0,0,0,0,0,1338,581,37,41,480,189,1681,1639,1681,1618,0,0,1681,1627,3284,682,1,1,1075,239,1118,64,41,0,1,0,0,0,0,0,0,0,0,0,0.264607,0.105643,   159.0,    93.4,0,0,12715.194336,4303.895020,4,2,25.584999,0.150000,65.410004,0.177000,35.686359,0.163492,19.815912,0.000000,0.000000,0.000000,1,2,25.750999,0.150000,25.750999,0.177000,25.748425,0.163492,0.000000,0.000000,0,0,0,0,0.000000,0.000000,0.000000,0.000000,0.000000,0.000000,0.000000,2,4,0,0,0,0,0,0,0.000000,0.000000,0.000000,0.000000,0.000000,0.000000,0.000000,0.000000,0,0,0,0,1,1,1,1
36636,443,1429042314.446487,1429042314.858217,8,12,20,0,0,0,8,12,20,3,5,8,0,0,0,0,0,0,0,0,0,3089,5057,8146,5,7,12,3089,5057,8146,0,0,0,0,0,0,0,0,0,0,0,0,0,0,0,3,7,10,0,0,0,0,0,0,0,0,0,0,0,0,0,0,0,1338,1320,37,41,617,722,1681,1653,1681,1639,0,0,1681,1651,1338,2641,1,1,386,625,36,63,3048,0,4,0,0,0,0,0,0,0,0,0,0.276112,0.136239,   275.8,   249.8,0,0,7502.489258,12282.321289,4,4,25.341999,0.011000,25.613001,0.329000,25.526112,0.110247,0.126059,0.148722,0.000000,0.000000,1,2,25.551001,0.011000,25.551001,0.023000,25.548445,0.016999,0.000000,0.000000,0,0,0,0,0.000000,0.000000,0.000000,0.000000,0.000000,0.000000,0.000000,1,3,0,0,0,0,0,0,0.000000,0.000000,0.000000,0.000000,0.000000,0.000000,0.000000,0.000000,0,0,0,0,1,1,1,1
443,36636,1429042314.858237,1429042314.865977,13,7,20,0,0,0,13,7,20,0,6,6,0,0,0,0,0,0,0,0,0,9649,41,9690,13,1,14,9649,41,9690,0,0,0,0,0,0,0,0,0,0,0,0,0,0,0,13,1,14,0,0,0,0,0,0,0,0,0,0,0,0,0,0,0,1320,41,39,41,742,40,1653,1681,1653,1681,0,0,1653,1681,2641,42,39,1,1219,6,0,0,299,0,2,0,0,0,0,0,0,0,0,0,0.007627,0.000000,     5.1,     4.9,0,0,1246640.875000,5297.157715,7,0,0.007000,0.000000,0.216000,0.000000,0.059285,0.000000,0.078400,0.000000,0.000000,0.000000,2,0,0.012000,0.000000,0.014000,0.000000,0.012999,0.000000,0.000000,0.000000,0,0,0,0,0.000000,0.000000,0.000000,0.000000,0.000000,0.000000,0.000000,6,0,0,0,0,0,0,0,0.000000,0.000000,0.000000,0.000000,0.000000,0.000000,0.000000,0.000000,0,0,0,0,1,1,1,1
443,36636,1429042314.891452,1429042315.514319,11,9,20,0,0,0,11,9,20,6,2,8,0,0,0,0,0,0,0,0,0,3644,4560,8204,5,7,12,3644,4560,8204,0,0,0,0,0,0,0,0,0,0,0,0,0,0,0,5,5,10,0,0,0,0,0,0,0,0,0,0,0,0,0,0,0,1320,1338,78,37,728,651,1653,1681,1635,1681,0,0,1648,1681,1399,2324,1,1,382,1297,36,1525,0,0,0,0,0,0,0,0,0,0,0,0,0.030789,0.414279,   314.7,   314.7,0,0,5850.366211,7320.984863,2,5,0.036000,25.254999,0.246000,25.698000,0.140993,25.564489,0.000000,0.177024,0.000000,0.000000,1,1,0.036000,25.621000,0.036000,25.621000,0.035996,25.618439,0.000000,0.000000,0,0,0,0,0.000000,0.000000,0.000000,0.000000,0.000000,0.000000,0.000000,2,2,0,0,0,0,0,0,0.000000,0.000000,0.000000,0.000000,0.000000,0.000000,0.000000,0.000000,0,0,0,0,1,1,1,1
443,36636,1429042315.514343,1429042315.522994,13,7,20,0,0,0,13,7,20,0,7,7,0,0,0,0,0,0,0,0,0,13992,0,13992,13,0,13,13992,0,13992,0,0,0,0,0,0,0,0,0,0,0,0,0,0,0,12,0,12,0,0,0,0,0,0,0,0,0,0,0,0,0,0,0,1338,0,39,0,1076,0,1653,1681,1653,1681,0,0,1653,1681,2641,1,40,1,1557,1,115,0,686,0,1,0,0,0,0,0,0,0,0,0,0.008638,0.000000,     6.3,     6.3,0,0,1617385.250000,0.000000,7,0,0.011000,0.000000,0.027000,0.000000,0.016857,0.000000,0.006644,0.000000,0.000000,0.000000,4,0,0.012000,0.000000,0.027000,0.000000,0.020749,0.000000,0.006344,0.000000,0,0,0,0,0.000000,0.000000,0.000000,0.000000,0.000000,0.000000,0.000000,6,0,0,0,0,0,0,0,0.000000,0.000000,0.000000,0.000000,0.000000,0.000000,0.000000,0.000000,0,0,0,0,1,1,1,1
443,36636,1429042315.523019,1429042315.761259,11,9,20,0,0,0,11,9,20,2,4,6,0,0,0,0,0,0,0,0,0,9249,2349,11598,9,5,14,9249,2349,11598,0,0,0,0,0,0,0,0,0,0,0,0,0,0,0,8,4,12,0,0,0,0,0,0,0,0,0,0,0,0,0,0,0,1338,1338,41,37,1027,469,1653,1681,1636,1681,0,0,1651,1681,2641,2264,1,1,1156,673,88,75,2640,0,2,0,0,0,0,0,0,0,0,0,0.000512,0.211493,   212.3,   211.2,0,0,38822.195312,9859.805664,5,2,0.011000,25.363001,0.042000,26.405001,0.021200,25.882706,0.014498,0.000000,0.000000,0.000000,3,1,0.011000,25.363001,0.042000,25.363001,0.021333,25.360464,0.017898,0.000000,0,0,0,0,0.000000,0.000000,0.000000,0.000000,0.000000,0.000000,0.000000,4,3,0,0,0,0,0,0,0.000000,0.000000,0.000000,0.000000,0.000000,0.000000,0.000000,0.000000,0,0,0,0,1,1,1,1
443,36636,1429042316.80758,1429042316.799457,15,5,20,0,0,0,15,5,20,1,3,4,0,0,0,0,0,0,0,0,0,11429,1379,12808,14,2,16,11429,1379,12808,0,0,0,0,0,0,0,0,0,0,0,0,0,0,0,13,1,14,0,0,0,0,0,0,0,0,0,0,0,0,0,0,0,1338,1338,39,41,816,689,1653,1681,1653,1641,0,0,1653,1673,7408,1339,1,1,3135,276,688,41,1382,0,2,0,0,0,0,0,0,0,0,0,0.003172,0.715038,   648.6,   715.0,0,0,15902.345703,1918.744873,3,1,0.026000,66.390999,0.168000,66.390999,0.078331,66.384361,0.078015,0.000000,0.000000,0.000000,2,1,0.026000,66.390999,0.041000,66.390999,0.033498,66.384361,0.000000,0.000000,0,0,0,0,0.000000,0.000000,0.000000,0.000000,0.000000,0.000000,0.000000,11,0,0,0,0,0,0,0,0.000000,0.000000,0.000000,0.000000,0.000000,0.000000,0.000000,0.000000,0,0,0,0,1,1,1,1
36636,443,1429042316.799493,1429042317.142255,8,12,20,0,0,0,8,12,20,3,5,8,0,0,0,0,0,0,0,0,0,2706,1058,3764,5,7,12,2706,1058,3764,0,0,0,0,0,0,0,0,0,0,0,0,0,0,0,4,7,11,0,0,0,0,0,0,0,0,0,0,0,0,0,0,0,1338,626,37,37,541,151,1681,1653,1681,1639,0,0,1681,1650,2164,800,1,1,772,174,755,5,502,0,1,0,0,0,0,0,0,0,0,0,0.244155,0.262476,   162.1,   162.5,0,0,7894.690918,3086.689941,5,3,25.254999,0.077000,25.691000,0.251000,25.563688,0.138662,0.179718,0.097439,0.000000,0.000000,1,1,25.620001,0.077000,25.620001,0.077000,25.617437,0.076992,0.000000,0.000000,0,0,0,0,0.000000,0.000000,0.000000,0.000000,0.000000,0.000000,0.000000,0,4,0,0,0,0,0,0,0.000000,0.000000,0.000000,0.000000,0.000000,0.000000,0.000000,0.000000,0,0,0,0,1,1,1,1
36636,443,1429042316.799493,1429042317.142255,8,12,20,0,0,0,8,12,20,3,5,8,0,0,0,0,0,0,0,0,0,2706,1058,3764,5,7,12,2706,1058,3764,0,0,0,0,0,0,0,0,0,0,0,0,0,0,0,4,7,11,0,0,0,0,0,0,0,0,0,0,0,0,0,0,0,1338,626,37,37,541,151,1681,1653,1681,1639,0,0,1681,1650,2164,800,1,1,772,174,755,5,502,0,1,0,0,0,0,0,0,0,0,0,0.244155,0.262476,   162.1,   162.5,0,0,7894.690918,3086.689941,5,3,25.254000,0.077000,25.691000,0.251000,25.563290,0.138662,0.179982,0.097439,0.000000,0.000000,1,1,25.620001,0.077000,25.620001,0.077000,25.617437,0.076992,0.000000,0.000000,0,0,0,0,0.000000,0.000000,0.000000,0.000000,0.000000,0.000000,0.000000,0,4,0,0,0,0,0,0,0.000000,0.000000,0.000000,0.000000,0.000000,0.000000,0.000000,0.000000,0,0,0,0,1,1,1,1
